commit_hash,author,date,message,files_changed,insertions,deletions,lead_time_hours,deployment_date,environment
a1b2c3d4,Juan Pérez,2025-10-15T09:23:45Z,feat: Add authentication flow,8,342,127,36.5,2025-10-16T21:45:00Z,production
e5f6g7h8,María García,2025-10-15T14:12:30Z,fix: Resolve crash on iOS 14,3,45,12,24.2,2025-10-16T14:30:00Z,production
i9j0k1l2,Carlos López,2025-10-16T10:45:22Z,refactor: Improve state management,12,523,412,18.3,2025-10-17T05:00:00Z,production
m3n4o5p6,Ana Martínez,2025-10-17T08:30:15Z,feat: Add push notifications,6,287,54,48.1,2025-10-19T08:45:00Z,production
q7r8s9t0,Luis Rodríguez,2025-10-17T16:22:08Z,fix: Memory leak in image cache,4,78,43,15.7,2025-10-18T08:10:00Z,production
u1v2w3x4,Sofia Hernández,2025-10-18T11:15:42Z,feat: Implement dark mode,15,678,234,72.8,2025-10-21T12:00:00Z,production
y5z6a7b8,Diego Fernández,2025-10-19T09:05:33Z,test: Add unit tests for auth,5,423,0,28.5,2025-10-20T13:30:00Z,production
c9d0e1f2,Laura Torres,2025-10-19T13:45:18Z,fix: Null pointer in profile screen,2,34,18,20.1,2025-10-20T09:55:00Z,production
g3h4i5j6,Roberto Sánchez,2025-10-20T08:20:55Z,feat: Add offline mode,18,892,145,96.4,2025-10-24T08:30:00Z,production
k7l8m9n0,Patricia Gómez,2025-10-20T15:30:12Z,chore: Update dependencies,1,12,8,12.2,2025-10-21T03:45:00Z,production
o1p2q3r4,Andrés Ruiz,2025-10-21T10:12:44Z,fix: Android build error,3,56,29,22.8,2025-10-22T09:00:00Z,production
s5t6u7v8,Carmen Díaz,2025-10-22T09:45:27Z,feat: Add biometric authentication,7,345,87,44.3,2025-10-24T06:00:00Z,production
w9x0y1z2,Fernando Castro,2025-10-22T14:18:39Z,fix: Crash on logout,2,23,15,18.7,2025-10-23T09:10:00Z,production
a3b4c5d6,Isabel Morales,2025-10-23T08:50:16Z,refactor: Clean up navigation code,9,267,412,33.2,2025-10-24T18:05:00Z,production
e7f8g9h0,Miguel Vargas,2025-10-23T16:22:51Z,feat: Add analytics tracking,6,234,67,40.6,2025-10-25T09:00:00Z,production
i1j2k3l4,Elena Ortiz,2025-10-24T11:05:33Z,fix: UI glitch on small screens,4,89,34,26.9,2025-10-25T14:00:00Z,production
m5n6o7p8,Ricardo Navarro,2025-10-25T09:30:45Z,feat: Implement search functionality,11,567,123,52.5,2025-10-27T14:00:00Z,production
q9r0s1t2,Beatriz Romero,2025-10-25T15:12:29Z,test: Add integration tests,8,456,0,21.8,2025-10-26T13:00:00Z,production
u3v4w5x6,Javier Silva,2025-10-26T10:45:11Z,fix: Network timeout handling,5,134,67,30.2,2025-10-27T17:00:00Z,production
y7z8a9b0,Claudia Peña,2025-10-27T08:15:38Z,feat: Add user preferences,9,412,156,38.7,2025-10-28T23:00:00Z,production
c1d2e3f4,Sergio Mendoza,2025-10-27T13:40:22Z,chore: Improve code documentation,6,189,45,16.3,2025-10-28T06:00:00Z,production
g5h6i7j8,Mónica Herrera,2025-10-28T09:22:57Z,fix: Image loading performance,7,245,123,28.6,2025-10-29T14:00:00Z,production
k9l0m1n2,Pablo Reyes,2025-10-28T14:55:14Z,feat: Add share functionality,8,334,89,42.1,2025-10-30T09:00:00Z,production
o3p4q5r6,Gabriela Vega,2025-10-29T10:30:48Z,refactor: Optimize database queries,10,423,289,36.5,2025-10-30T23:00:00Z,production
s7t8u9v0,Alejandro Campos,2025-10-29T16:18:35Z,fix: Crash on app resume,3,67,34,19.7,2025-10-30T12:00:00Z,production
w1x2y3z4,Valeria Guzmán,2025-10-30T08:45:29Z,feat: Add localization support,14,678,234,55.2,2025-11-01T16:00:00Z,production
a5b6c7d8,Raúl Paredes,2025-10-30T15:12:06Z,test: Add end-to-end tests,12,567,0,24.8,2025-10-31T16:00:00Z,production
e9f0g1h2,Natalia Ramos,2025-10-31T09:35:42Z,fix: Keyboard overlap issue,4,78,45,31.4,2025-11-01T17:00:00Z,production
i3j4k5l6,Gustavo Méndez,2025-10-31T14:20:18Z,feat: Add favorites feature,9,401,112,48.7,2025-11-02T15:00:00Z,production
m7n8o9p0,Daniela Cruz,2025-11-01T10:15:53Z,chore: Update CI/CD pipeline,2,89,56,14.7,2025-11-02T01:00:00Z,production
